code,ward_name,ward_area_km2
13101,千代田区,11.51
13102,中央区,10.2
13103,港区,18.2
13104,新宿区,18.23
13105,文京区,11.29
13106,台東区,10.11
13107,墨田区,13.78
13108,江東区,40.15
13109,品川区,12.55
13110,目黒区,14.66
13111,大田区,49.09
13112,世田谷区,58.02
13113,渋谷区,15.11
13114,中野区,15.6
13115,杉並区,34.06
13116,豊島区,13.02
13117,北区,20.63
13118,荒川区,10.16
13119,板橋区,32.26
13120,練馬区,48.12
13121,足立区,53.31
13122,葛飾区,34.91
13123,江戸川区,48.86
